Model,Accuracy,Precision,Recall,F1-Score
Logistic Regression,0.05,0.041009746884208845,0.05,0.040616305577305695
Decision Tree,0.05,0.05098820800147892,0.05,0.049501274821799994
Random Forest,0.055,0.05993390376025088,0.055,0.05555011219892396
Gradient Boosting,0.035,0.03664767430329043,0.035,0.03500150038061052
