Model,Accuracy,Precision,Recall,F1-Score
Logistic Regression,0.7825,0.7844970673859063,0.7825,0.7796876713878456
Decision Tree,0.6925,0.6956551373463138,0.6925,0.6938524482747003
Random Forest,0.7575,0.7583645738412005,0.7575,0.7455548996500767
Gradient Boosting,0.765,0.7610847701149425,0.765,0.7612131480853946
